{
  "name": "Punkin",
  "type": "pet",
  "intolerances": [
    { "item": "Milk (cow)", "category": "Dairy", "level": 3 },
    { "item": "Cheese (cheddar)", "category": "Dairy", "level": 2 },
    { "item": "Cheese (swiss)", "category": "Dairy", "level": 2 },
    { "item": "Food Dye - Yellow #6", "category": "Additive", "level": 3 },
    { "item": "Blueberries", "category": "Fruit", "level": 3 },
    { "item": "Cranberries", "category": "Fruit", "level": 3 },
    { "item": "Barley", "category": "Grain", "level": 3 },
    { "item": "Brewers Rice", "category": "Grain", "level": 2 },
    { "item": "Corn Gluten Meal", "category": "Grain", "level": 2 },
    { "item": "Flaxseed", "category": "Grain", "level": 3 },
    { "item": "Millet", "category": "Grain", "level": 3 },
    { "item": "White Rice", "category": "Grain", "level": 3 },
    { "item": "Rice Bran", "category": "Grain", "level": 3 },
    { "item": "Wheat Flour", "category": "Grain", "level": 3 },
    { "item": "Wheat Gluten", "category": "Grain", "level": 3 },
    { "item": "Tapioca Starch", "category": "Misc", "level": 3 },
    { "item": "Apple Pomace", "category": "Misc", "level": 3 },
    { "item": "Beet Pulp", "category": "Misc", "level": 3 },
    { "item": "Cashew Nuts", "category": "Nuts", "level": 3 },
    { "item": "Beef Kidney", "category": "Protein", "level": 3 },
    { "item": "Beef Liver", "category": "Protein", "level": 3 },
    { "item": "Soy Protein Isolate", "category": "Protein", "level": 3 },
    { "item": "Turkey", "category": "Protein", "level": 3 },
    { "item": "Water Buffalo", "category": "Protein", "level": 3 },
    { "item": "Sardine Meal", "category": "Seafood", "level": 3 },
    { "item": "Sea Bass", "category": "Seafood", "level": 3 },
    { "item": "Calcium Sulfate", "category": "Additive", "level": 3 },
    { "item": "Copper Sulfate", "category": "Additive", "level": 3 },
    { "item": "Lecithins", "category": "Additive", "level": 3 },
    { "item": "Omega 3 Fatty Acid", "category": "Additive", "level": 3 },
    { "item": "Sodium Chloride", "category": "Additive", "level": 3 },
    { "item": "Chicory Root (cooked)", "category": "Veg", "level": 3 },
    { "item": "Enoki Mushroom (cooked)", "category": "Veg", "level": 3 },
    { "item": "Brussels Sprouts (cooked)", "category": "Veg", "level": 3 },
    { "item": "Peas (green, cooked)", "category": "Veg", "level": 3 },
    { "item": "Sweet Potato (cooked)", "category": "Veg", "level": 3 }
  ]
} 